ACM,PPoPP,Computer Architecture,A,
USENIX,FAST,Computer Architecture,A,
ACM,DAC,Computer Architecture,A,
IEEE,HPCA,Computer Architecture,A,
IEEE/ACM,MICRO,Computer Architecture,A,
IEEE,SC,Computer Architecture,A,
ACM,ASPLOS,Computer Architecture,A,
ACM/IEEE,ISCA,Computer Architecture,A,
USENIX,ATC,Computer Architecture,A,
ACM,EuroSys,Computer Architecture,A,
ACM,SoCC,Computer Architecture,B,
ACM,SPAA,Computer Architecture,B,
ACM,PODC,Computer Architecture,B,
ACM,FPGA,Computer Architecture,B,
IEEE/ACM,CGO,Computer Architecture,B,
IEEE/ACM,DATE,Computer Architecture,B,
IEEE,HOT CHIPS,Computer Architecture,B,
IEEE,CLUSTER,Computer Architecture,B,
IEEE,ICCD,Computer Architecture,B,
IEEE/ACM,ICCAD,Computer Architecture,B,
IEEE,ICDCS,Computer Architecture,B,
ACM/IEEE,CODES+ISSS,Computer Architecture,B,
ACM,HiPEAC,Computer Architecture,B,
ACM,SIGMETRICS,Computer Architecture,B,
IEEE/ACM,PACT,Computer Architecture,B,
ACM,ICPP,Computer Architecture,B,
ACM,ICS,Computer Architecture,B,
ACM,VEE,Computer Architecture,B,
IEEE,IPDPS,Computer Architecture,B,
ACM,Performance,Computer Architecture,B,
IEEE,HPDC,Computer Architecture,B,
IEEE,ITC,Computer Architecture,B,
USENIX,LISA,Computer Architecture,B,
IEEE,MSST,Computer Architecture,B,
IEEE,RTAS,Computer Architecture,B,
Springer,Euro-Par,Computer Architecture,B,
ACM,CF,Computer Architecture,C,
ACM,SYSTOR,Computer Architecture,C,
ACM/IEEE,NOCS,Computer Architecture,C,
IEEE,ASAP,Computer Architecture,C,
ACM/IEEE,ASP-DAC,Computer Architecture,C,
IEEE,ETS,Computer Architecture,C,
IEEE,FPL,Computer Architecture,C,
IEEE,FCCM,Computer Architecture,C,
ACM/IEEE,GLSVLSI,Computer Architecture,C,
IEEE,ATS,Computer Architecture,C,
IEEE,HPCC,Computer Architecture,C,
IEEE/ ACM,HiPC,Computer Architecture,C,
IEEE,MASCOTS,Computer Architecture,C,
IEEE,ISPA,Computer Architecture,C,
ACM/IEEE,CCGRID,Computer Architecture,C,
Springer,NPC,Computer Architecture,C,
IEEE,ICA3PP,Computer Architecture,C,
ACM,CASES,Computer Architecture,C,
IEEE,FPT,Computer Architecture,C,
IEEE,ICPADS,Computer Architecture,C,
IEEE,ISCAS,Computer Architecture,C,
ACM/IEEE,ISLPED,Computer Architecture,C,
ACM,ISPD,Computer Architecture,C,
IEEE,HOTI,Computer Architecture,C,
IEEE,VTS,Computer Architecture,C,
IEEE,ITC-Asia,Computer Architecture,C,
